Title,URL
"Trudeau announces $62.5 million for seafood, fish processors during coronavirus pandemic",https://news.google.com/articles/CAIiEOlxnklWR0S8sEFAQrbpoCEqGQgEKhAIACoHCAowqeP_CjDdg_oCMNTh6QU?hl=en-CA&gl=CA&ceid=CA%3Aen
Coronavirus: Disinfectant riff the latest of Trump’s many clashes with science,https://news.google.com/articles/CAIiEJ1tWZV1uWl-JR7lp9b6O0YqGQgEKhAIACoHCAowqeP_CjDdg_oCMMTh6QU?hl=en-CA&gl=CA&ceid=CA%3Aen
Coronavirus: What's happening in Canada and around the world on Saturday,https://news.google.com/articles/CBMiPGh0dHBzOi8vd3d3LmNiYy5jYS9uZXdzL2NhbmFkYS9jb3JvbmF2aXJ1cy1jb3ZpZDE5LTEuNTU0NTAzOdIBIGh0dHBzOi8vd3d3LmNiYy5jYS9hbXAvMS41NTQ1MDM5?hl=en-CA&gl=CA&ceid=CA%3Aen
Is it safe to go running during the coronavirus pandemic?,https://news.google.com/articles/CAIiEBFqvVALOLxZFtgDbVmUugMqGQgEKhAIACoHCAowqeP_CjDdg_oCMMTh6QU?hl=en-CA&gl=CA&ceid=CA%3Aen
Coronavirus: Brazil emerging as world hot spot for virus,https://news.google.com/articles/CAIiEHqq55m3D0bREehtjJTBtjAqGQgEKhAIACoHCAowqeP_CjDdg_oCMOXg6QU?hl=en-CA&gl=CA&ceid=CA%3Aen
Trump’s role in coronavirus briefings may be reduced after disinfectant remarks: sources,https://news.google.com/articles/CAIiEMllLxOKBUfQhhwv6tXj3G0qGQgEKhAIACoHCAowqeP_CjDdg_oCMJXg6QU?hl=en-CA&gl=CA&ceid=CA%3Aen
The fight to save patients from the coronavirus at Surrey Memorial Hospital,https://news.google.com/articles/CAIiEPkCG3sHFz_cObr4S41NdAQqGQgEKhAIACoHCAowqeP_CjDdg_oCMMTh6QU?hl=en-CA&gl=CA&ceid=CA%3Aen
"Coronavirus: Canada adds over 1,700 new cases, 161 new deaths",https://news.google.com/articles/CAIiEG9yYx4wDEhAZlje71gckIYqGQgEKhAIACoHCAowqeP_CjDdg_oCMMTh6QU?hl=en-CA&gl=CA&ceid=CA%3Aen
"Coronavirus: Asian-Americans turn to guns, GoPros to deter attacks",https://news.google.com/articles/CAIiEEUV6crCc5sTklFlChKIiEAqGQgEKhAIACoHCAowqeP_CjDdg_oCMMTh6QU?hl=en-CA&gl=CA&ceid=CA%3Aen
"What you need to know about coronavirus on Saturday, April 25",https://news.google.com/articles/CAIiENsTPalj3-2QMOlK8U0FTb8qGQgEKhAIACoHCAowocv1CjCSptoCMPrTpgU?hl=en-CA&gl=CA&ceid=CA%3Aen
Coronavirus: Plan to reopen Ontario economy will be revealed ‘early next week’,https://news.google.com/articles/CAIiEF6r3nEafiSYZF8oVJHCUYEqGQgEKhAIACoHCAowqeP_CjDdg_oCMMTh6QU?hl=en-CA&gl=CA&ceid=CA%3Aen
"Coronavirus: 2 more confirmed cases in Interior Health region, total now 158",https://news.google.com/articles/CAIiEI1EThQngwRuNRuxRt7NQ-kqGQgEKhAIACoHCAowqeP_CjDdg_oCMMTh6QU?hl=en-CA&gl=CA&ceid=CA%3Aen
Conrad Black: A path out of the coronavirus lockdown,https://news.google.com/articles/CBMiVGh0dHBzOi8vbmF0aW9uYWxwb3N0LmNvbS9vcGluaW9uL2NvbnJhZC1ibGFjay1hLXBhdGgtb3V0LW9mLXRoZS1jb3JvbmF2aXJ1cy1sb2NrZG93btIBWGh0dHBzOi8vbmF0aW9uYWxwb3N0LmNvbS9vcGluaW9uL2NvbnJhZC1ibGFjay1hLXBhdGgtb3V0LW9mLXRoZS1jb3JvbmF2aXJ1cy1sb2NrZG93bi9hbXA?hl=en-CA&gl=CA&ceid=CA%3Aen
Emotional burden of coronavirus on British Columbians has been significant: poll,https://news.google.com/articles/CAIiEB-fqHDgdUWPOOIsS3eTs0sqGQgEKhAIACoHCAowqeP_CjDdg_oCMMTh6QU?hl=en-CA&gl=CA&ceid=CA%3Aen
"Ontario reports 640 new coronavirus cases, total reaches 13,519 with 763 deaths",https://news.google.com/articles/CAIiEGWqkbEQiAgLqL6dX5Fs_bkqGQgEKhAIACoHCAowqeP_CjDdg_oCMMTh6QU?hl=en-CA&gl=CA&ceid=CA%3Aen
Somali civilian shot dead by police amid coronavirus restrictions,https://news.google.com/articles/CAIiENAC6T5R-6ub4TaQYCpP4O0qGQgEKhAIACoHCAowqeP_CjDdg_oCMOXg6QU?hl=en-CA&gl=CA&ceid=CA%3Aen
Coronavirus: Belarus orphanage seeks help amid 'critical' outbreak,https://news.google.com/articles/CBMiMmh0dHBzOi8vd3d3LmJiYy5jb20vbmV3cy9hbXAvd29ybGQtZXVyb3BlLTUyNDI2MjYw0gEyaHR0cHM6Ly93d3cuYmJjLmNvbS9uZXdzL2FtcC93b3JsZC1ldXJvcGUtNTI0MjYyNjA?hl=en-CA&gl=CA&ceid=CA%3Aen
Mandatory Face Masks And More: Canadian Airlines Introduce New Coronavirus Travel Safety Measures,https://news.google.com/articles/CAIiEEOX48jf2kuV6_b63vZgXqQqFQgEKg0IACoGCAowrqkBMKBFMLGBAg?hl=en-CA&gl=CA&ceid=CA%3Aen
Running is enjoying a boom because of the coronavirus pandemic,https://news.google.com/articles/CAIiECe-jRdLXft0vE7rkzxlJ5UqGQgEKhAIACoHCAowocv1CjCSptoCMLrUpgU?hl=en-CA&gl=CA&ceid=CA%3Aen
Coronavirus antibody testing a big deal? What to know about the promising serology tests,https://news.google.com/articles/CAIiEL4mtbRIT1LGp10JsV3WOysqEwgEKgwIACoFCAow4GowoAgwkRo?hl=en-CA&gl=CA&ceid=CA%3Aen
"The United States' reported coronavirus deaths approach 52,000, over a quarter of the world's known tally",https://news.google.com/articles/CAIiEBIQWTrXnF3cNTBw35bFVPcqGQgEKhAIACoHCAowocv1CjCSptoCMIrUpgU?hl=en-CA&gl=CA&ceid=CA%3Aen
Coronavirus: The 'good outcome' that never was,https://news.google.com/articles/CBMiLWh0dHBzOi8vd3d3LmJiYy5jb20vbmV3cy9hbXAvc3Rvcmllcy01MjQxOTIxONIBLWh0dHBzOi8vd3d3LmJiYy5jb20vbmV3cy9hbXAvc3Rvcmllcy01MjQxOTIxOA?hl=en-CA&gl=CA&ceid=CA%3Aen
The 5-month-old daughter of a New York firefighter dies from coronavirus,https://news.google.com/articles/CAIiEMgrB3v5F-OrLUsOUBSExFwqGQgEKhAIACoHCAowocv1CjCSptoCMIrUpgU?hl=en-CA&gl=CA&ceid=CA%3Aen
How the coronavirus pandemic has shaken the US military,https://news.google.com/articles/CAIiEEJk6T4XM6AGfgrOzdQV-yMqGQgEKhAIACoHCAowocv1CjCSptoCMPrTpgU?hl=en-CA&gl=CA&ceid=CA%3Aen
"'No Evidence' That Recovered COVID-19 Patients Are Immune, WHO Says",https://news.google.com/articles/CAIiEHQUvJF7TpnaprjLaXGsAqMqFggEKg4IACoGCAow9vBNMK3UCDCvpUk?hl=en-CA&gl=CA&ceid=CA%3Aen
'They are trying to steal everything.' US coronavirus response hit by foreign hackers,https://news.google.com/articles/CAIiENNVVkDPT02OWE2MMh6jsPIqGQgEKhAIACoHCAowocv1CjCSptoCMIrUpgU?hl=en-CA&gl=CA&ceid=CA%3Aen
Watch the entire CNN/Sesame Street coronavirus town hall,https://news.google.com/articles/CAIiEIFK6_x5iDCz_GB-EQAkn_cqGQgEKhAIACoHCAowocv1CjCSptoCMPrTpgU?hl=en-CA&gl=CA&ceid=CA%3Aen
Coronavirus: Further 16 deaths confirmed in NI,https://news.google.com/articles/CBMiOWh0dHBzOi8vd3d3LmJiYy5jb20vbmV3cy9hbXAvdWstbm9ydGhlcm4taXJlbGFuZC01MjQyMTc3M9IBOWh0dHBzOi8vd3d3LmJiYy5jb20vbmV3cy9hbXAvdWstbm9ydGhlcm4taXJlbGFuZC01MjQyMTc3Mw?hl=en-CA&gl=CA&ceid=CA%3Aen
"After her husband died from coronavirus, she found an emotional goodbye note on his phone",https://news.google.com/articles/CAIiEGnfCtBJX1xN7czu5S5_90AqGQgEKhAIACoHCAowocv1CjCSptoCMIrUpgU?hl=en-CA&gl=CA&ceid=CA%3Aen
Singapore's migrant workers are suffering the brunt of the country's coronavirus outbreak,https://news.google.com/articles/CAIiEI4Tb4AaThBKIagga9B-ijcqGQgEKhAIACoHCAowocv1CjCSptoCMPrTpgU?hl=en-CA&gl=CA&ceid=CA%3Aen
10 leaders who mattered most on coronavirus response this week,https://news.google.com/articles/CAIiEGniyW84rffW2ghEUb0FzKIqGQgEKhAIACoHCAowocv1CjCSptoCMPrTpgU?hl=en-CA&gl=CA&ceid=CA%3Aen
"Coronavirus, CARES And PPP Will Explode The Federal Deficit And Debt",https://news.google.com/articles/CAIiEAOaBszTb-MbYOFXVI4KoeIqFQgEKg0IACoGCAowrqkBMKBFMLKAAg?hl=en-CA&gl=CA&ceid=CA%3Aen
"Bleach and sunlight might kill the coronavirus on a park bench, but they can be harmful to the body",https://news.google.com/articles/CAIiEHuQPVdrzwEF1aMXkCNwWD8qGQgEKhAIACoHCAowocv1CjCSptoCMLrUpgU?hl=en-CA&gl=CA&ceid=CA%3Aen
"Coronavirus Has Infected A 5th Of New York City, Testing Suggests",https://news.google.com/articles/CAIiENchXg3iSKwgCGViVg5QOqYqFggEKg4IACoGCAow9vBNMK3UCDCvpUk?hl=en-CA&gl=CA&ceid=CA%3Aen
"‘Worst is yet ahead of us’ in coronavirus outbreak, WHO warns",https://news.google.com/articles/CAIiEKvLbuMmBPM5kcIIrWYIQY8qGQgEKhAIACoHCAowqeP_CjDdg_oCMMTh6QU?hl=en-CA&gl=CA&ceid=CA%3Aen
‘COVID toes’ could be another symptom of coronavirus infection: experts,https://news.google.com/articles/CAIiENZmXxfGrH8j0ZfktsB9FNYqGQgEKhAIACoHCAowqeP_CjDdg_oCMJXg6QU?hl=en-CA&gl=CA&ceid=CA%3Aen
"Martinsville-region COVID-19/coronavirus daily update from state, nation and world: April 25",https://news.google.com/articles/CBMivwFodHRwczovL3d3dy5tYXJ0aW5zdmlsbGVidWxsZXRpbi5jb20vbmV3cy9sb2NhbC9tYXJ0aW5zdmlsbGUtcmVnaW9uLWNvdmlkLTE5LWNvcm9uYXZpcnVzLWRhaWx5LXVwZGF0ZS1mcm9tLXN0YXRlLW5hdGlvbi1hbmQtd29ybGQtYXByaWwtMjUvY29sbGVjdGlvbl8xZWNiZDYwZS04NmY1LTExZWEtOGU0OS02ZjA3NmE2NGE1MWQuaHRtbNIBAA?hl=en-CA&gl=CA&ceid=CA%3Aen
Cleaning a floating petri dish: How is a cruise ship sanitized after a coronavirus outbreak?,https://news.google.com/articles/CAIiEFIf1hxng55NDGD41OqREvkqGQgEKhAIACoHCAowjsP7CjCSpPQCMLmw0wU?hl=en-CA&gl=CA&ceid=CA%3Aen
Can coronavirus cases be deduced from sewage? An MIT start-up tried it in Delaware and the governor wasn’t imp,https://news.google.com/articles/CAIiEEQCfA1YFwZ-4fCxoQCr2gUqMwgEKioIACIQAA149yomG4FPzzqQb_N6ZCoUCAoiEAANePcqJhuBT886kG_zemQw4vfLBg?hl=en-CA&gl=CA&ceid=CA%3Aen
"Citing a high risk of death, researchers cut chloroquine coronavirus study short over safety concerns",https://news.google.com/articles/CAIiEL1SQfLu17Xr7HQiOu41yGYqGQgEKhAIACoHCAow2Nb3CjDivdcCMJ_5ngY?hl=en-CA&gl=CA&ceid=CA%3Aen
This 2-year-old boy was adopted over Zoom after coronavirus pandemic canceled court hearings,https://news.google.com/articles/CAIiEOTie5lW8W1vBYux2zP75RoqGQgEKhAIACoHCAowocv1CjCSptoCMIrUpgU?hl=en-CA&gl=CA&ceid=CA%3Aen
Coronavirus: Transport usage will change after lockdown,https://news.google.com/articles/CBMiLmh0dHBzOi8vd3d3LmJiYy5jb20vbmV3cy9hbXAvYnVzaW5lc3MtNTI0MTQzNzbSAS5odHRwczovL3d3dy5iYmMuY29tL25ld3MvYW1wL2J1c2luZXNzLTUyNDE0Mzc2?hl=en-CA&gl=CA&ceid=CA%3Aen
Nick Cordero's wife offers update as he battles coronavirus,https://news.google.com/articles/CAIiEMSLzIiqGEQz3sIZ_sYW1tsqGQgEKhAIACoHCAowocv1CjCSptoCMNHPpgU?hl=en-CA&gl=CA&ceid=CA%3Aen
Coronavirus: Applause for key workers 'is not enough',https://news.google.com/articles/CBMiMWh0dHBzOi8vd3d3LmJiYy5jb20vbmV3cy9hbXAvdWstcG9saXRpY3MtNTI0MDM2MDnSATFodHRwczovL3d3dy5iYmMuY29tL25ld3MvYW1wL3VrLXBvbGl0aWNzLTUyNDAzNjA5?hl=en-CA&gl=CA&ceid=CA%3Aen
Pelosi promises more coronavirus relief: 'There will be a bill and it will be expensive',https://news.google.com/articles/CAIiEF6mOZvZYl0lF9hw_jcn83IqGQgEKhAIACoHCAowocv1CjCSptoCMPrTpgU?hl=en-CA&gl=CA&ceid=CA%3Aen
U.S. Hospitals Hit By Financial 'Triple Whammy' During Coronavirus Pandemic,https://news.google.com/articles/CBMikwFodHRwczovL3d3dy5ucHIub3JnL3NlY3Rpb25zL2Nvcm9uYXZpcnVzLWxpdmUtdXBkYXRlcy8yMDIwLzA0LzIzLzg0MzAxMjExOS91LXMtaG9zcGl0YWxzLWhpdC1ieS1maW5hbmNpYWwtdHJpcGxlLXdoYW1teS1kdXJpbmctY29yb25hdmlydXMtcGFuZGVtaWPSAQA?hl=en-CA&gl=CA&ceid=CA%3Aen
'Science will come through': Doctor who pioneered HIV treatment discusses potential Covid-19 drugs,https://news.google.com/articles/CAIiELW-dPM8GFlmu77FuPnsRKAqGQgEKhAIACoHCAow2Nb3CjDivdcCMJ_5ngY?hl=en-CA&gl=CA&ceid=CA%3Aen
Trump pulls punches and clings to his China trade deal as backlash against Beijing grows,https://news.google.com/articles/CAIiEFeJngxmB_ErpEVGkmCyfG8qGQgEKhAIACoHCAow2Nb3CjDivdcCMMHF0wY?hl=en-CA&gl=CA&ceid=CA%3Aen
"N.J. Gov. Phil Murphy provides daily coronavirus update: How to watch live. (April 25, 2020)",https://news.google.com/articles/CAIiEGTeHoX0vnRUgiLW1Tqj1KQqGQgEKhAIACoHCAowr6T_CjD1tPgCMNKcpAY?hl=en-CA&gl=CA&ceid=CA%3Aen
"606 new coronavirus cases in Ontario, total reaches 11,184 cases and 584 deaths",https://news.google.com/articles/CAIiEHS3_0-CRilrI6kV-nUqbAQqGQgEKhAIACoHCAowqeP_CjDdg_oCMMTh6QU?hl=en-CA&gl=CA&ceid=CA%3Aen
Some states get a taste of normalcy but others take 'whatever steps necessary' to slow coronavirus spread,https://news.google.com/articles/CAIiEK4BbOE9fWd4byCp8sxcfDYqGQgEKhAIACoHCAowocv1CjCSptoCMIrUpgU?hl=en-CA&gl=CA&ceid=CA%3Aen
Donald Trump said coronavirus 'should have never happened.' What?,https://news.google.com/articles/CAIiECo4bI_ctpvCJvIIFV9RAT0qGQgEKhAIACoHCAowocv1CjCSptoCMJrUpgU?hl=en-CA&gl=CA&ceid=CA%3Aen
Leaked White House emails reveal behind-the-scenes battle over chloroquine in coronavirus response,https://news.google.com/articles/CAIiENGfPao9p6NV1B9qHMKW9BQqGQgEKhAIACoHCAow2Nb3CjDivdcCMJ_d7gU?hl=en-CA&gl=CA&ceid=CA%3Aen
Bill Gates: 'I wish I could say that we're halfway through' coronavirus pandemic,https://news.google.com/articles/CAIiEH0f-ueaedlyGjA7krPE1MwqGQgEKhAIACoHCAow2Nb3CjDivdcCMMHF0wY?hl=en-CA&gl=CA&ceid=CA%3Aen
Walmart store in Colorado shuts down after coronavirus deaths,https://news.google.com/articles/CAIiEG5bTBKKVzhegNXUW1EQYAYqGQgEKhAIACoHCAowocv1CjCSptoCMMSUnAY?hl=en-CA&gl=CA&ceid=CA%3Aen
Coronavirus detected on particles of air pollution,https://news.google.com/articles/CAIiEMPX0BT9sUJ5hMrdKqq1BXIqFwgEKg4IACoGCAowl6p7MN-zCTClss0G?hl=en-CA&gl=CA&ceid=CA%3Aen
"As States Open Up, Health Experts Seek To Understand Coronavirus's Early Silent Spread",https://news.google.com/articles/CAIiEPf63jb6EQp-tedRg5Zgi_AqGQgEKhAIACoHCAowxLOXCzC33K4DMN-FzAY?hl=en-CA&gl=CA&ceid=CA%3Aen
Why The US Early Warning System For Spread Of Coronavirus Stumbled : Shots - Health News,https://news.google.com/articles/CAIiEJDql_sWAT02Op77K61-56IqFggEKg4IACoGCAow9vBNMK3UCDDq0Rc?hl=en-CA&gl=CA&ceid=CA%3Aen
The authoritarian threats of coronavirus,https://news.google.com/articles/CAIiEMOpoo3QTZp9NKt65Z0ftOYqGQgEKhAIACoHCAowocv1CjCSptoCMI29pgU?hl=en-CA&gl=CA&ceid=CA%3Aen
Ask Dr. Nandi: Trump suggests 'injection' of disinfectant to beat coronavirus and 'clean' the lungs,https://news.google.com/articles/CBMigwFodHRwczovL3d3dy53eHl6LmNvbS9uZXdzL2Nvcm9uYXZpcnVzL2Fzay1kci1uYW5kaS10cnVtcC1zdWdnZXN0cy1pbmplY3Rpb24tb2YtZGlzaW5mZWN0YW50LXRvLWJlYXQtY29yb25hdmlydXMtYW5kLWNsZWFuLXRoZS1sdW5nc9IBAA?hl=en-CA&gl=CA&ceid=CA%3Aen
"Canada is flattening the coronavirus curve. That’s ‘good news,’ expert explains",https://news.google.com/articles/CAIiEMeyNtNofNBRq02SMWFtu7sqGQgEKhAIACoHCAowqeP_CjDdg_oCMMTh6QU?hl=en-CA&gl=CA&ceid=CA%3Aen
Global stocks falter as investors lose faith in potential coronavirus treatment,https://news.google.com/articles/CAIiEHpl7eYMJ9jdyrS1r_0S5eMqGQgEKhAIACoHCAowocv1CjCSptoCMPrTpgU?hl=en-CA&gl=CA&ceid=CA%3Aen
2 Californians died of coronavirus weeks before previously known 1st US death,https://news.google.com/articles/CAIiEGa7K4dNxM27vbd6bDV6-h4qGQgEKhAIACoHCAowocv1CjCSptoCMIrUpgU?hl=en-CA&gl=CA&ceid=CA%3Aen
Michael Avenatti released from jail due to coronavirus fears,https://news.google.com/articles/CAIiEOE3rIADJkuQ_FjPcx9nWnUqGQgEKhAIACoHCAowocv1CjCSptoCMJrUpgU?hl=en-CA&gl=CA&ceid=CA%3Aen
Do homemade face masks keep you from acquiring coronavirus? Here's what we know,https://news.google.com/articles/CAIiEJnibaBvoKdAHGxdkaYIu5kqFQgEKgwIACoFCAow4GowoAgwhuCMBg?hl=en-CA&gl=CA&ceid=CA%3Aen
"Answering Your Coronavirus Questions: Vaccines, Mythbusting And Dating",https://news.google.com/articles/CBMibWh0dHBzOi8vd3d3Lm5wci5vcmcvMjAyMC8wNC8yNC84NDQ4NTE0MjcvYW5zd2VyaW5nLXlvdXItY29yb25hdmlydXMtcXVlc3Rpb25zLXZhY2NpbmVzLW15dGhidXN0aW5nLWFuZC1kYXRpbmfSAQA?hl=en-CA&gl=CA&ceid=CA%3Aen
Coronavirus refunds: why fans are raging over ticket policies,https://news.google.com/articles/CAIiEOmmZnPN1YpTNJByp11ZSUIqFggEKg4IACoGCAowl6p7MN-zCTCOvRU?hl=en-CA&gl=CA&ceid=CA%3Aen
"Coronavirus The latest coronavirus updates: Saturday, April 25, 2020 9:08 AM, Apr 25, 2020",https://news.google.com/articles/CBMiW2h0dHBzOi8vd3d3Lnd4eXouY29tL25ld3MvY29yb25hdmlydXMvdGhlLWxhdGVzdC1jb3JvbmF2aXJ1cy11cGRhdGVzLXNhdHVyZGF5LWFwcmlsLTI1LTIwMjDSAQA?hl=en-CA&gl=CA&ceid=CA%3Aen
NASA team developed a ventilator tailored for coronavirus patients in 37 days,https://news.google.com/articles/CAIiEPDgpion92ZziyUF8oNjdMgqGQgEKhAIACoHCAowocv1CjCSptoCMPrTpgU?hl=en-CA&gl=CA&ceid=CA%3Aen
Coronavirus in Georgia | Early Saturday there were 22491 confirmed cases; nearly 900 deaths,https://news.google.com/articles/CBMiiAFodHRwczovL3d3dy4xMWFsaXZlLmNvbS9hcnRpY2xlL25ld3MvaGVhbHRoL2Nvcm9uYXZpcnVzL2Nvcm9uYXZpcnVzLWluLWdlb3JnaWEtc2F0dXJkYXktYXByaWwtMjUvODUtMWU0ZWQxNzktODZkMC00ZDkyLTg5ZDktMTM4YThmOGU5ZTBh0gEA?hl=en-CA&gl=CA&ceid=CA%3Aen
"Open science takes on the coronavirus pandemic Data sharing, open-source designs for medical equipment, and",https://news.google.com/articles/CBMiMmh0dHBzOi8vd3d3Lm5hdHVyZS5jb20vYXJ0aWNsZXMvZDQxNTg2LTAyMC0wMTI0Ni0z0gEA?hl=en-CA&gl=CA&ceid=CA%3Aen
A family on the frontlines,https://news.google.com/articles/CAIiELnbaZ1i63M1wrZnfo9ur1EqGQgEKhAIACoHCAowocv1CjCSptoCMPrTpgU?hl=en-CA&gl=CA&ceid=CA%3Aen
April 24 Coronavirus Data Posted – Total positives: 3699,https://news.google.com/articles/CBMiUmh0dHBzOi8vd3d3LnBvcHZpbGxlLmNvbS8yMDIwLzA0L2FwcmlsLTI0LWNvcm9uYXZpcnVzLWRhdGEtcG9zdGVkLXRvdGFsLXBvc2l0aXZlcy_SAQA?hl=en-CA&gl=CA&ceid=CA%3Aen
"As coronavirus crushes travel industry, Expedia maps out private equity survival strategy",https://news.google.com/articles/CAIiEFtXZTgyuH7Nde8i3x5awYwqGQgEKhAIACoHCAow2Nb3CjDivdcCMP7ungY?hl=en-CA&gl=CA&ceid=CA%3Aen
"Coronavirus spread 'under the radar' in US major cities since January, researchers say",https://news.google.com/articles/CAIiEHad1YfSAvGbOphI0dGlHMoqGQgEKhAIACoHCAowocv1CjCSptoCMIrUpgU?hl=en-CA&gl=CA&ceid=CA%3Aen
"Coronavirus: Stories of unemployment, fear and hope in the US",https://news.google.com/articles/CBMiNWh0dHBzOi8vd3d3LmJiYy5jb20vbmV3cy9hbXAvd29ybGQtdXMtY2FuYWRhLTUyMzQ5ODA40gE1aHR0cHM6Ly93d3cuYmJjLmNvbS9uZXdzL2FtcC93b3JsZC11cy1jYW5hZGEtNTIzNDk4MDg?hl=en-CA&gl=CA&ceid=CA%3Aen
Japanese mayor says men should grocery shop during pandemic as women 'take a longer time',https://news.google.com/articles/CAIiEJV5g-u8D1ppfy26YVH5-CcqGQgEKhAIACoHCAowocv1CjCSptoCMPrTpgU?hl=en-CA&gl=CA&ceid=CA%3Aen
Russia tries to stay neutral as US-China tensions rise over coronavirus' origin,https://news.google.com/articles/CAIiEDzR6bBnCDG5jHkQcSUFKwcqGQgEKhAIACoHCAow2Nb3CjDivdcCMP3ungY?hl=en-CA&gl=CA&ceid=CA%3Aen
"California launches meal delivery program for seniors, US coronavirus death toll tops 50,000",https://news.google.com/articles/CAIiEBG2a_u_jbWioYUoHHYYPqUqGQgEKhAIACoHCAow2Nb3CjDivdcCMJ_5ngY?hl=en-CA&gl=CA&ceid=CA%3Aen
Virus Researchers Cast Doubt On Theory Of Coronavirus Lab Accident,https://news.google.com/articles/CAIiEHjpDWCqAywTQV-ZwVwukfcqFggEKg4IACoGCAow9vBNMK3UCDDq0Rc?hl=en-CA&gl=CA&ceid=CA%3Aen
"Coronavirus study predicts no deaths after May 19, but experts are sceptical",https://news.google.com/articles/CBMiiwFodHRwczovL3d3dy5icnVzc2Vsc3RpbWVzLmNvbS9hbGwtbmV3cy9iZWxnaXVtLWFsbC1uZXdzLzEwODA5OC9jb3JvbmF2aXJ1cy1zdHVkeS1wcmVkaWN0cy1uby1kZWF0aHMtYWZ0ZXItbWF5LTE5LWJ1dC1leHBlcnRzLWFyZS1zY2VwdGljYWwv0gEA?hl=en-CA&gl=CA&ceid=CA%3Aen
Muslims Around The World Face A Different Kind Of Ramadan,https://news.google.com/articles/CBMilQFodHRwczovL3d3dy5ucHIub3JnL3NlY3Rpb25zL2Nvcm9uYXZpcnVzLWxpdmUtdXBkYXRlcy8yMDIwLzA0LzI0Lzg0MzUyMTM3MS9tdXNsaW1zLWFyb3VuZC10aGUtd29ybGQtZmFjZS1hLWRpZmZlcmVudC1raW5kLW9mLXJhbWFkYW4tYW1pZC1jb3JvbmF2aXJ1c9IBAA?hl=en-CA&gl=CA&ceid=CA%3Aen
Rudy Giuliani may have said the dumbest thing yet uttered about the coronavirus,https://news.google.com/articles/CAIiEJXBysmGmWL1hhuE-LlAVhYqGQgEKhAIACoHCAowocv1CjCSptoCMPrTpgU?hl=en-CA&gl=CA&ceid=CA%3Aen
He signed up for a coronavirus vaccine trial using a method that's never been used in humans. Here's why.,https://news.google.com/articles/CAIiEDrjJTtTsGYjHzmIi7YiUxEqGQgEKhAIACoHCAowocv1CjCSptoCMPrTpgU?hl=en-CA&gl=CA&ceid=CA%3Aen
"Coronavirus pandemic will cause global famines of 'biblical proportions,' UN warns",https://news.google.com/articles/CAIiEMTVwmBdKBz6Q2r_wlWPpi8qGQgEKhAIACoHCAowocv1CjCSptoCMPrTpgU?hl=en-CA&gl=CA&ceid=CA%3Aen
"Some Southern states are reopening businesses; US death toll passes 42,000",https://news.google.com/articles/CAIiEFlTmzYxGjYGXP36d51NztIqGQgEKhAIACoHCAowocv1CjCSptoCMIrUpgU?hl=en-CA&gl=CA&ceid=CA%3Aen
Watch live: California Gov. Newsom gives coronavirus update | TheHill,https://news.google.com/articles/CBMiXmh0dHBzOi8vdGhlaGlsbC5jb20vdmlkZW8vaGVhbHRoY2FyZS80OTQ1NTAtd2F0Y2gtbGl2ZS1jYS1nb3YtbmV3c29tLWdpdmVzLWNvcm9uYXZpcnVzLXVwZGF0ZXPSAWJodHRwczovL3RoZWhpbGwuY29tL3ZpZGVvL2hlYWx0aGNhcmUvNDk0NTUwLXdhdGNoLWxpdmUtY2EtZ292LW5ld3NvbS1naXZlcy1jb3JvbmF2aXJ1cy11cGRhdGVzP2FtcA?hl=en-CA&gl=CA&ceid=CA%3Aen
Second US Navy warship hit by major coronavirus outbreak,https://news.google.com/articles/CAIiECKWijO6rRlJMkelRo0RxMwqGQgEKhAIACoHCAowocv1CjCSptoCMPrTpgU?hl=en-CA&gl=CA&ceid=CA%3Aen
"Coronavirus: 241 new deaths, 217 hospital admissions in Belgium",https://news.google.com/articles/CBMifWh0dHBzOi8vd3d3LmJydXNzZWxzdGltZXMuY29tL2FsbC1uZXdzL2JlbGdpdW0tYWxsLW5ld3MvMTA4MDc5L2Nvcm9uYXZpcnVzLTI0MS1uZXctZGVhdGhzLTIxNy1ob3NwaXRhbC1hZG1pc3Npb25zLWluLWJlbGdpdW0v0gEA?hl=en-CA&gl=CA&ceid=CA%3Aen
Boeing pushes back target date for fixing 737 Max as coronavirus hinders progress,https://news.google.com/articles/CAIiEL_USJzFlLOVSRINksFW3hQqGQgEKhAIACoHCAow2Nb3CjDivdcCMP3ungY?hl=en-CA&gl=CA&ceid=CA%3Aen
Inside Mark Hamilton's journey from MLB to MD fighting coronavirus,https://news.google.com/articles/CBMiZWh0dHBzOi8vd3d3LmVzcG4uY29tL21sYi9zdG9yeS9fL2lkLzI5MDg5NTk0L2luc2lkZS1tYXJrLWhhbWlsdG9uLWpvdXJuZXktbWxiLW1kLWZpZ2h0aW5nLWNvcm9uYXZpcnVz0gFyaHR0cHM6Ly93d3cuZXNwbi5jb20vbWxiL3N0b3J5L18vaWQvMjkwODk1OTQvaW5zaWRlLW1hcmstaGFtaWx0b24tam91cm5leS1tbGItbWQtZmlnaHRpbmctY29yb25hdmlydXM_cGxhdGZvcm09YW1w?hl=en-CA&gl=CA&ceid=CA%3Aen
"Florida COVID-19 coronavirus cases, deaths, hospitalizations",https://news.google.com/articles/CAIiEB_XjUjI7sQNNu5sANnK43UqGQgEKhAIACoHCAowjsP_CjD2kPkCMMzt5wU?hl=en-CA&gl=CA&ceid=CA%3Aen
The schoolboy brothers making coronavirus visors for care workers,https://news.google.com/articles/CAIiEHUBsh2NDeFfTUaTfVa9O90qFggEKg4IACoGCAowl6p7MN-zCTDlkko?hl=en-CA&gl=CA&ceid=CA%3Aen
Opinion | Who Has Enough Cash to Get Through the Coronavirus Crisis?,https://news.google.com/articles/CAIiEAE2ggfEPrVn-jqlG6FDShIqFwgEKg8IACoHCAowjuuKAzCWrzwwt4QY?hl=en-CA&gl=CA&ceid=CA%3Aen
What you need to know about how the coronavirus spreads — it's not just about staying 6 feet apart,https://news.google.com/articles/CBMiQGh0dHBzOi8vd3d3LnNsdHJpYi5jb20vbmV3cy8yMDIwLzA0LzI0L3doYXQteW91LW5lZWQta25vdy1hYm91dC_SAQA?hl=en-CA&gl=CA&ceid=CA%3Aen
Disinfectant Against Coronavirus: How to Make and Use,https://news.google.com/articles/CAIiEKc90rfvP7mBDuEH2VNbhBAqFwgEKg8IACoHCAowjuuKAzCWrzwwqIQY?hl=en-CA&gl=CA&ceid=CA%3Aen
Is the curve flattening? Expert says coronavirus death numbers will tell us,https://news.google.com/articles/CAIiEP5JBHOLeDgXyOtF1ad5KWkqGQgEKhAIACoHCAowqeP_CjDdg_oCMMTh6QU?hl=en-CA&gl=CA&ceid=CA%3Aen
'We knew that the foreign workers would be a stress point:' Singapore diplomat on battling coronavirus,https://news.google.com/articles/CAIiEGeTamD-MWWPjZhnRTuRy5QqGQgEKhAIACoHCAow2Nb3CjDivdcCMJ-thQY?hl=en-CA&gl=CA&ceid=CA%3Aen
"Virginia sees 772 new coronavirus cases, now reporting 12,366 statewide",https://news.google.com/articles/CAIiECzCJ22j9Plzm8hOtunKqEYqGQgEKhAIACoHCAowjtT-CjCSgvcCMMm03gU?hl=en-CA&gl=CA&ceid=CA%3Aen
"Canada could see 22,000 coronavirus deaths even with physical distancing, officials say",https://news.google.com/articles/CAIiEPIubUrOOMO2eVRw3C2sYBoqFggEKg4IACoGCAowl6p7MN-zCTDlkko?hl=en-CA&gl=CA&ceid=CA%3Aen
